2000GEOID,Area2000 (Sq Mi),2012GEOID,Area2012 (Sq Mi),IntersectioNArea (Sq Mi),% of 2000 tract covering 2012 tract
48453002107,1.180953778,48453002107,1.180953778,1.180953778,1
48453001501,1.341468229,48453001501,1.341468229,1.341468229,1
48453001901,1.531693291,48453001901,1.531693291,1.531693291,1
48453001732,17.06126084,48453001774,1.84864634,1.84864634,1
48453000604,0.260490387,48453000604,0.257453249,0.257453249,1
48453001403,0.309106894,48453001403,0.309106702,0.309106702,1
48453001844,0.392117928,48453001844,0.392117928,0.392117928,1
48453002104,0.477563223,48453002104,0.477563223,0.477563223,1
48453000301,1.031966052,48453000305,0.571405675,0.571405675,1
48491020404,0.580377838,48491020404,0.577928498,0.577928498,1
48453001832,0.579889191,48453001832,0.579889191,0.579889191,1
48453000201,1.154891805,48453000205,0.582273511,0.582273511,1
48453001805,0.591657912,48453001805,0.58829469,0.58829469,1
48453001751,0.590765918,48453001751,0.590765918,0.590765918,1
48453001822,0.675184775,48453001822,0.675184775,0.675184775,1
48453001757,0.848090436,48453001757,0.848090436,0.848090436,1
48209010903,38.57619576,48209010908,15.41069853,15.41069853,1
48453000204,0.70453607,48453000204,0.70453607,0.70453607,1
48453000301,1.031966052,48453000304,0.459837474,0.459837474,1
48453000303,1.770490058,48453000306,1.301778003,1.301778003,1
48453000303,1.770490058,48453000307,0.468712055,0.468712055,1
48453000801,0.498934704,48453000801,0.498934704,0.498934704,1
48453000902,1.174220167,48453000902,1.174220167,1.174220167,1
48453001304,0.705744224,48453001304,0.705744224,0.705744224,1
48453001307,0.692580531,48453001307,0.692580531,0.692580531,1
48453001503,1.341531285,48453001503,1.341531285,1.341531285,1
48453001504,1.019913797,48453001504,1.016799333,1.016799333,1
48453001604,1.291631474,48453001604,1.291631474,1.291631474,1
48453001606,0.194331309,48453001606,0.194330405,0.194330405,1
48453001719,1.998042577,48453001719,1.997411674,1.997411674,1
48453001728,1.393707978,48453001728,1.393707978,1.393707978,1
48453001729,1.217708833,48453001729,1.217708833,1.217708833,1
48453001732,17.06126084,48453001775,7.379607943,7.379607943,1
48453001732,17.06126084,48453001772,2.653276766,2.653276766,1
48453001739,1.808364128,48453001777,1.032933647,1.032933647,1
48453001742,8.590130638,48453001742,8.413670542,8.413670542,1
48453001743,12.83574178,48453001783,5.737356975,5.737356975,1
48453001745,1.316644429,48453001745,1.316644429,1.316644429,1
48453001748,2.067782303,48453001748,2.067781763,2.067781763,1
48453001752,0.363392807,48453001752,0.361497318,0.361497318,1
48453001806,0.74617375,48453001806,0.74617375,0.74617375,1
48453001819,0.345682132,48453001819,0.345682132,0.345682132,1
48453001820,0.762730704,48453001820,0.762730704,0.762730704,1
48453001821,1.028500998,48453001821,1.028500998,1.028500998,1
48453001824,0.555572609,48453001824,0.555572609,0.555572609,1
48453001828,0.911433889,48453001828,0.911433889,0.911433889,1
48453001833,1.256666801,48453001833,1.256666801,1.256666801,1
48453001843,0.424096423,48453001843,0.424096423,0.424096423,1
48453001906,8.466046869,48453001917,3.123180545,3.123180545,1
48453001909,7.715185059,48453001914,5.307903911,5.307903911,1
48453002105,0.747894204,48453002105,0.747894204,0.747894204,1
48453002106,0.628103843,48453002106,0.628103843,0.628103843,1
48453002108,1.269169185,48453002108,1.269168692,1.269168692,1
48453002110,1.367760831,48453002110,1.367760548,1.367760548,1
48453002112,0.657055719,48453002112,0.657055719,0.657055719,1
48453002205,19.19672259,48453002211,2.625060661,2.625060661,1
48453002311,1.933854569,48453002317,1.306608905,1.306608905,1
48453002316,0.263125266,48453002316,0.263125266,0.263125266,1
48453002412,0.536417204,48453002412,0.536417204,0.536417204,1
48453002418,13.08436839,48453002428,7.663052854,7.663052854,1
48453002420,3.931976945,48453002427,1.304851486,1.304851486,1
48453002420,3.931976945,48453002425,0.752459065,0.752459065,1
48453002424,1.069236608,48453002424,1.069234205,1.069234205,1
48491020407,5.076355497,48491020410,1.011115386,1.011115386,1
48453001746,0.969178872,48453001746,0.969178872,0.969178872,1
48453002314,0.958614209,48453002314,0.958614209,0.958614209,1
48453002420,3.931976945,48453002430,0.847708037,0.847708037,1
48453000802,0.662148877,48453000802,0.660883083,0.660883083,1
48453001829,0.657852112,48453001829,0.657852112,0.657852112,1
48453002419,0.52283994,48453002419,0.522838621,0.522838621,1
48453002413,0.519647868,48453002413,0.519647868,0.519647868,1
48453002409,0.516007403,48453002409,0.515876848,0.515876848,1
48453001913,4.859198679,48453001913,4.859198386,4.859198386,1
48453001823,0.94975786,48453001823,0.94975786,0.94975786,1
48453002410,0.468055747,48453002410,0.468055747,0.468055747,1
48453001747,0.919494566,48453001747,0.919494566,0.919494566,1
48453001505,0.830359799,48453001505,0.830359799,0.830359799,1
48453000804,0.40445863,48453000804,0.40445863,0.40445863,1
48453002311,1.933854569,48453002318,0.627245664,0.627245664,1
48453000201,1.154891805,48453000206,0.572609188,0.572609188,1
48453002315,0.18445111,48453002315,0.18445111,0.18445111,1
48453002004,0.343359373,48453002004,0.334591853,0.334591853,1
48453001845,1.019584108,48453001845,1.019583859,1.019583859,1
48453001849,2.890122459,48453001849,2.88396221,2.883962067,0.99999995
48453002206,84.91719526,48453002210,31.47459309,31.47459037,0.999999914
48453001715,2.29878431,48453001781,0.955612579,0.955612391,0.999999803
48453001603,0.990735784,48453001603,0.987744488,0.987744246,0.999999756
48453002003,0.777851674,48453002003,0.768352786,0.768352537,0.999999676
48453002417,46.22769819,48453002434,21.29828237,21.29827411,0.999999612
48453001826,1.256110657,48453001826,1.242377123,1.24237663,0.999999604
48453002206,84.91719526,48453002207,26.92523777,26.92522607,0.999999565
48453001906,8.466046869,48453001916,5.237047296,5.237045004,0.999999562
48453000402,0.596276875,48453000402,0.596272116,0.596271846,0.999999547
48453001722,1.070780281,48453001722,1.063627527,1.063627029,0.999999532
48453002420,3.931976945,48453002429,1.023502363,1.023501871,0.999999519
48453001850,0.670940769,48453001850,0.670941114,0.670940769,0.999999486
48453000500,0.444589877,48453000500,0.444563924,0.444563668,0.999999426
48453001000,0.907246415,48453001000,0.902406796,0.902406272,0.999999419
48491020402,3.187881813,48491020409,1.897117264,1.897115511,0.999999076
48453001817,0.967797958,48453001817,0.967798733,0.967797815,0.999999051
48453002416,68.42659112,48453002433,27.88429258,27.88425477,0.999998644
48453000302,0.79235281,48453000302,0.792353556,0.792352419,0.999998566
48491020504,3.585880104,48491020504,3.585884899,3.585879713,0.999998554
48491020406,1.073814056,48491020406,1.073815296,1.073813553,0.999998377
48453002005,0.632621633,48453002005,0.632622663,0.632621633,0.999998372
48453001715,2.29878431,48453001782,1.338419146,1.338416564,0.999998071
48453000601,0.429846589,48453000601,0.429846385,0.429845398,0.999997704
48453002303,6.981109517,48453002319,0.214528222,0.214526975,0.999994187
48453002111,2.662870658,48453002111,2.661999873,2.661979108,0.999992199
48021950300,135.6457633,48021950300,135.6466652,135.6453311,0.999990165
48453001605,0.731433723,48453001605,0.731441441,0.731433482,0.999989119
48453002407,5.922709202,48453002407,5.922786161,5.922708827,0.999986943
48453002312,1.712271162,48453002312,1.69888884,1.698853511,0.999979205
48453001744,2.240012353,48453001786,0.85798836,0.857962512,0.999969874
48453002310,7.176718667,48453002310,7.155735031,7.155493456,0.99996624
48453000401,0.84264307,48453000401,0.842673065,0.842642815,0.999964102
48453001760,13.30676435,48453001760,13.24401735,13.24339303,0.99995286
48209010901,32.53087077,48209010901,32.53265739,32.53086939,0.99994504
48453001812,0.900974852,48453001812,0.896658295,0.896606889,0.999942669
48453001732,17.06126084,48453001770,5.18001271,5.179658494,0.999931619
48453001837,108.0409681,48453001856,23.81054746,23.80891164,0.999931298
48453001909,7.715185059,48453001915,2.402475975,2.402297475,0.999925702
48453001761,11.48550346,48453001761,11.4751867,11.474308,0.999923426
48453001768,83.22084592,48453001768,83.21637121,83.20964371,0.999919157
48453001851,2.908688158,48453001851,2.887952157,2.88770553,0.999914601
48453001733,8.719715893,48453001733,8.717229792,8.716428369,0.999908064
48453001839,3.187104868,48453001839,3.166210502,3.165847826,0.999885454
48453001769,3.471176852,48453001769,3.469607991,3.46920641,0.999884258
48453001912,5.832308049,48453001912,5.833042771,5.832308049,0.999874041
48453001713,0.996643676,48453001713,0.996774231,0.996643676,0.999869022
48491020407,5.076355497,48491020411,4.064886555,4.064303484,0.999856559
48491020405,1.15936533,48491020405,1.158301999,1.158131694,0.99985297
48453001847,1.206074844,48453001847,1.180618786,1.180428582,0.999838895
48453002206,84.91719526,48453002209,26.4838561,26.47889877,0.999812817
48453000102,2.179282619,48453000102,2.176451365,2.175819559,0.999709708
48453002205,19.19672259,48453002208,4.999653975,4.99794057,0.999657295
48453002201,2.026971324,48453002201,2.02446281,2.023716898,0.999631551
48453002109,1.079639134,48453002109,1.080069078,1.079639134,0.999601929
48453001705,2.059366365,48453001705,2.060228346,2.059365587,0.999581231
48491020308,4.49627437,48491020316,1.719357549,1.718531959,0.999519826
48453002002,0.596389619,48453002002,0.596713574,0.596388589,0.999455376
48491020309,18.66749434,48491020317,3.914959822,3.912578319,0.999391691
48453001739,1.808364128,48453001776,0.774247989,0.773776427,0.999390942
48453000803,0.557540755,48453000803,0.557885719,0.557540485,0.999381174
48453001852,2.651635005,48453001863,0.587721349,0.587311697,0.999302982
48453002417,46.22769819,48453002432,17.16953194,17.15695881,0.999267707
48491020502,6.567852215,48491020510,2.890411909,2.887978509,0.999158113
48453001738,1.918508006,48453001738,1.911250176,1.909596327,0.999134676
48491020308,4.49627437,48491020318,2.777000213,2.774454725,0.999083368
48491020403,0.605118808,48491020403,0.605695174,0.605118738,0.999048306
48491020402,3.187881813,48491020408,1.241946708,1.240713399,0.999006955
48453001755,2.867001914,48453001755,2.870082921,2.867001914,0.998926509
48453002421,3.189797955,48453002421,3.162952721,3.159412776,0.99888081
48491020502,6.567852215,48491020509,1.772904383,1.770914438,0.998877579
48453002418,13.08436839,48453002426,5.427609982,5.421301221,0.998837654
48453001716,8.047442106,48453001716,8.04687172,8.036299911,0.998686221
48491020503,5.964957072,48491020503,5.947052372,5.939061565,0.998656341
48453001834,6.077058491,48453001834,6.011838104,6.003503702,0.998613668
48453001718,1.358493914,48453001718,1.360389403,1.358493914,0.998606657
48453002202,4.958731337,48453002202,4.965442806,4.958021191,0.998505347
48453001714,6.788715226,48453001714,6.798979584,6.788711783,0.998489803
48453000203,0.466185524,48453000203,0.466916789,0.466184388,0.998431409
48453002402,1.378914509,48453002402,1.381367727,1.378914509,0.998224066
48453002416,68.42659112,48453002435,18.88069963,18.84114117,0.99790482
48453002308,1.247081169,48453002308,1.235715583,1.232940985,0.997754663
48453001765,31.0596373,48453001765,31.12652599,31.05627712,0.997743119
48453001750,2.345378253,48453001750,2.344276773,2.338889339,0.997701878
48453000901,0.333942553,48453000901,0.334779029,0.333942553,0.997501409
48453002417,46.22769819,48453002431,7.775102964,7.755025397,0.99741771
48453001911,1.301011245,48453001911,1.292505589,1.288975505,0.997268806
48453001841,3.703224159,48453001841,3.710221041,3.699936332,0.997228007
48453001402,0.525024543,48453001402,0.525275674,0.523689231,0.996979789
48453001818,0.991805506,48453001818,0.994919051,0.991804587,0.996869631
48453000101,1.203298783,48453000101,1.20709969,1.203298783,0.996851207
48453001813,1.363801093,48453001813,1.36811768,1.363749792,0.996807374
48453002303,6.981109517,48453980000,6.750220539,6.726771181,0.996526135
48453001737,3.345222781,48453001737,3.318696191,3.305999343,0.996174146
48453001804,0.843855208,48453001804,0.84721843,0.843855208,0.996030278
48453001305,1.211511797,48453001305,1.212279255,1.207454841,0.996020377
48453002113,0.789555975,48453002113,0.792745094,0.78949089,0.995895018
48453001835,0.993476945,48453001835,0.997220654,0.993115874,0.995883779
48453001908,12.44906205,48453001908,12.49626502,12.44254642,0.995701228
48453001749,1.643413749,48453001749,1.649320924,1.642167052,0.995662535
48453000700,0.620871609,48453000700,0.623555579,0.620526375,0.995142047
48453001754,1.239671952,48453001754,1.245832932,1.239671952,0.99505473
48453002205,19.19672259,48453002212,11.63302039,11.5734663,0.9948806
48453001707,1.07244364,48453001707,1.078078524,1.07244364,0.994773216
48453002411,1.530465623,48453002411,1.528722031,1.51999688,0.99429252
48453001904,5.031335107,48453001918,3.324141231,3.305061058,0.99426012
48453001840,3.505505387,48453001840,3.516607471,3.496167508,0.994187591
48453001842,11.76442424,48453001842,11.82813793,11.75808259,0.994077231
48453001100,1.043001336,48453001100,1.033596117,1.027228721,0.993839571
48453001811,0.55374781,48453001811,0.557548341,0.553632803,0.992977222
48453001852,2.651635005,48453001864,1.974559503,1.959892755,0.992572142
48453001836,13.00358373,48453001857,2.747583401,2.726631891,0.992374568
48453001753,1.013627459,48453001753,0.910652423,0.903499172,0.992144916
48453002304,0.600189187,48453002304,0.604960451,0.600189187,0.992113097
48453000603,0.302412135,48453000603,0.305066992,0.302412135,0.991297461
48453001741,7.498181733,48453001741,7.565528123,7.498181733,0.991098257
48453002313,0.937012199,48453002313,0.939062161,0.930334294,0.990705762
48453002423,0.996606607,48453002423,1.00617873,0.996606607,0.990486657
48453001712,0.885461582,48453001712,0.894228785,0.885461265,0.990195439
48453001303,0.664890404,48453001303,0.671834539,0.664890404,0.989663921
48453002307,0.822976527,48453002307,0.819560555,0.811021936,0.989581467
48453001848,1.299689296,48453001848,1.301684734,1.2879508,0.989449109
48453001756,0.813867428,48453001756,0.823371178,0.813867428,0.988457514
48491020502,6.567852215,48491020508,1.92610699,1.902649186,0.987821131
48453001200,0.97262521,48453001200,0.970437805,0.958402066,0.987597619
48453001308,0.497489539,48453001308,0.504211212,0.497488959,0.986667784
48453002422,1.53537484,48453002422,1.556106347,1.53529089,0.986623371
48453001602,1.102459403,48453001602,1.11352267,1.097169687,0.985314189
48453001743,12.83574178,48453001784,7.206764071,7.097650366,0.984859542
48453001904,5.031335107,48453001919,1.718821665,1.691532825,0.984123519
48453002403,1.006078091,48453002403,1.022628355,1.006078091,0.983815955
48491020309,18.66749434,48491020311,2.823570942,2.776929459,0.983481384
48453001740,1.78439963,48453001740,1.823623407,1.78439963,0.978491295
48453001401,0.520387893,48453001401,0.531963238,0.519481646,0.976536738
48453001910,2.650781138,48453001910,2.681039534,2.607767448,0.97267027
48453001846,2.195483472,48453001846,2.254490706,2.179421598,0.96670241
48453001744,2.240012353,48453001785,1.436639457,1.353362838,0.942033738
48453001706,0.925166661,48453001706,1.028796529,0.924303891,0.898432163
48453001759,0.738200742,48453002500,1.291617022,0.738200582,0.571532095
48453001758,0.547958948,48453002500,1.291617022,0.547958948,0.424242588
48453001753,1.013627459,48453001706,1.028796529,0.104492477,0.101567681
48453001852,2.651635005,48453001785,1.436639457,0.066491716,0.046282813
48453001100,1.043001336,48453001401,0.531963238,0.012481593,0.023463262
48453001737,3.345222781,48453001740,1.823623407,0.039223237,0.021508408
48453001852,2.651635005,48453001846,2.254490706,0.037688963,0.016717285
48453001910,2.650781138,48453001919,1.718821665,0.02728884,0.015876481
48491020402,3.187881813,48491020311,2.823570942,0.043832791,0.015523885
48453001742,8.590130638,48453001784,7.206764071,0.109113706,0.015140458
48453001910,2.650781138,48453001602,1.11352267,0.015724682,0.014121564
48453002308,1.247081169,48453002403,1.022628355,0.014140185,0.013827296
48453002421,3.189797955,48453002422,1.556106347,0.020815458,0.013376629
48453002003,0.777851674,48453001308,0.504211212,0.006722253,0.013332216
48453001904,5.031335107,48453001910,2.681039534,0.034741224,0.012958117
48453001911,1.301011245,48453001200,0.970437805,0.01203574,0.012402381
48453001906,8.466046869,48453001910,2.681039534,0.033241146,0.012398603
48491020503,5.964957072,48491020508,1.92610699,0.023457115,0.012178511
48453001847,1.206074844,48453001846,2.254490706,0.025646262,0.011375634
48453001846,2.195483472,48453001785,1.436639457,0.015874126,0.011049485
48453001826,1.256110657,48453001848,1.301684734,0.013733934,0.010550891
48453002411,1.530465623,48453002307,0.819560555,0.008538619,0.010418533
48453001200,0.97262521,48453001303,0.671834539,0.006944135,0.010336079
48453002004,0.343359373,48453001712,0.894228785,0.00876752,0.009804561
48453001744,2.240012353,48453001756,0.823371178,0.007979918,0.009691763
48453002421,3.189797955,48453002423,1.00617873,0.009569721,0.009510955
48453002417,46.22769819,48453002313,0.939062161,0.008719463,0.009285288
48453001742,8.590130638,48453001741,7.565528123,0.06734639,0.008901743
48453001603,0.990735784,48453000603,0.305066992,0.002653667,0.008698638
48453001000,0.907246415,48453002304,0.604960451,0.004771264,0.007886903
48453001722,1.070780281,48453001753,0.910652423,0.007153252,0.007855084
48453001851,2.908688158,48453001857,2.747583401,0.020572975,0.007487662
48453001744,2.240012353,48453001864,1.974559503,0.014666522,0.007427744
48453001834,6.077058491,48453001811,0.557548341,0.003915122,0.007022032
48453001906,8.466046869,48453001918,3.324141231,0.019080173,0.00573988
48453001834,6.077058491,48453001842,11.82813793,0.067430769,0.005700878
48453002307,0.822976527,48453002411,1.528722031,0.008691773,0.005685646
48453001753,1.013627459,48453001707,1.078078524,0.005634884,0.005226784
48453001848,1.299689296,48453001846,2.254490706,0.011733883,0.005204671
48453001849,2.890122459,48453001754,1.245832932,0.006160392,0.004944798
48453001839,3.187104868,48453001840,3.516607471,0.017152136,0.004877467
48453000604,0.260490387,48453000700,0.623555579,0.003029203,0.004857953
48453001906,8.466046869,48453001908,12.49626502,0.053500002,0.004281279
48453001744,2.240012353,48453002500,1.291617022,0.005457492,0.004225317
48453001839,3.187104868,48453001835,0.997220654,0.004104757,0.004116197
48453002201,2.026971324,48453002113,0.792745094,0.003254204,0.004104982
48453001805,0.591657912,48453001804,0.84721843,0.003363222,0.003969722
48453001750,2.345378253,48453001749,1.649320924,0.006488724,0.003934179
48453001305,1.211511797,48453001100,1.033596117,0.004056956,0.003925089
48453002206,84.91719526,48453002212,11.63302039,0.037588148,0.00323116
48453001812,0.900974852,48453001813,1.36811768,0.004367889,0.003192626
48453002310,7.176718667,48453980000,6.750220539,0.02120382,0.003141204
48453001504,1.019913797,48453001818,0.994919051,0.003114464,0.003130369
48453001100,1.043001336,48453001402,0.525275674,0.001586251,0.003019846
48453000102,2.179282619,48453000101,1.20709969,0.00346306,0.00286891
48453001200,0.97262521,48453001911,1.292505589,0.003529915,0.002731064
48453001200,0.97262521,48453001305,1.212279255,0.003120793,0.002574318
48453001738,1.918508006,48453001737,3.318696191,0.008440117,0.002543203
48453000802,0.662148877,48453000901,0.334779029,0.000835851,0.002496723
48453001840,3.505505387,48453001841,3.710221041,0.008959734,0.002414879
48453002307,0.822976527,48453002308,1.235715583,0.002774267,0.002245069
48453002303,6.981109517,48453002435,18.88069963,0.039556166,0.002095058
48453001760,13.30676435,48453001765,31.12652599,0.063368111,0.002035823
48453001602,1.102459403,48453001910,2.681039534,0.005289716,0.001973009
48453002411,1.530465623,48453002403,1.022628355,0.001928822,0.001886142
48453001715,2.29878431,48453001756,0.823371178,0.001523696,0.001850558
48453001909,7.715185059,48453001750,2.344276773,0.004318524,0.001842156
48453001837,108.0409681,48453002212,11.63302039,0.021331791,0.001833728
48453002003,0.777851674,48453002402,1.381367727,0.002451899,0.001774979
48453002312,1.712271162,48453002431,7.775102964,0.01341765,0.00172572
48453000301,1.031966052,48453000203,0.466916789,0.000722904,0.00154825
48453001716,8.047442106,48453001714,6.798979584,0.010264846,0.001509763
48453001837,108.0409681,48453002202,4.965442806,0.007421615,0.001494653
48453001100,1.043001336,48453001305,1.212279255,0.001703621,0.001405304
48453001752,0.363392807,48453001718,1.360389403,0.00189549,0.001393343
48453001761,11.48550346,48453001716,8.04687172,0.010571137,0.001313695
48453001402,0.525024543,48453001100,1.033596117,0.001335312,0.001291909
48453002417,46.22769819,48453002426,5.427609982,0.006308761,0.001162346
48491020309,18.66749434,48491020509,1.772904383,0.001989945,0.001122421
48453002420,3.931976945,48453002421,3.162952721,0.003456486,0.001092804
48453001715,2.29878431,48453001755,2.870082921,0.003080527,0.001073323
48491020308,4.49627437,48491020311,2.823570942,0.002808219,0.000994563
48491020405,1.15936533,48491020408,1.241946708,0.001233234,0.000992985
48491020402,3.187881813,48491020403,0.605695174,0.000576358,0.000951565
48491020402,3.187881813,48491020503,5.947052372,0.005623324,0.000945565
48453001841,3.703224159,48453001840,3.516607471,0.003287827,0.000934943
48491020404,0.580377838,48491020318,2.777000213,0.00244934,0.000882009
48453001401,0.520387893,48453001100,1.033596117,0.000906248,0.000876791
48453001739,1.808364128,48453001738,1.911250176,0.00165385,0.000865324
48453002313,0.937012199,48453002431,7.775102964,0.006659725,0.000856545
48491020503,5.964957072,48491020510,2.890411909,0.002433399,0.000841887
48453001842,11.76442424,48453001834,6.011838104,0.005015173,0.000834216
48453001908,12.44906205,48453001737,3.318696191,0.002756164,0.000830496
48453002416,68.42659112,48453002432,17.16953194,0.012562934,0.000731699
48453001851,2.908688158,48453001863,0.587721349,0.000409653,0.000697018
48491020407,5.076355497,48453001785,1.436639457,0.000910778,0.000633964
48453000700,0.620871609,48453000803,0.557885719,0.000345234,0.000618826
48453001738,1.918508006,48453001776,0.774247989,0.000471562,0.000609058
48491020502,6.567852215,48491020317,3.914959822,0.00228055,0.000582522
48453001200,0.97262521,48453001602,1.11352267,0.000628302,0.000564247
48453002003,0.777851674,48453002002,0.596713574,0.000324985,0.000544624
48453001837,108.0409681,48453001834,6.011838104,0.003203923,0.000532936
48491020309,18.66749434,48491020316,1.719357549,0.000825591,0.000480174
48453002307,0.822976527,48453002403,1.022628355,0.000481257,0.000470608
48453001749,1.643413749,48453001750,2.344276773,0.001068389,0.000455744
48453001769,3.471176852,48453001737,3.318696191,0.001500566,0.000452155
48453001706,0.925166661,48453001705,2.060228346,0.00086277,0.000418774
48453001909,7.715185059,48453001749,1.649320924,0.000665151,0.000403288
48453000802,0.662148877,48453002109,1.080069078,0.000429944,0.000398071
48491020502,6.567852215,48491020503,5.947052372,0.002359007,0.000396668
48453001842,11.76442424,48453001841,3.710221041,0.001324974,0.000357114
48453001834,6.077058491,48453002201,2.02446281,0.000681168,0.000336468
48453002417,46.22769819,48453980000,6.750220539,0.002245538,0.000332661
48453001719,1.998042577,48453000102,2.176451365,0.000630903,0.000289877
48453001603,0.990735784,48453000101,1.20709969,0.000337847,0.000279883
48453001837,108.0409681,48453001842,11.82813793,0.002624564,0.000221892
48453002111,2.662870658,48453002208,4.999653975,0.000891551,0.000178322
48453001837,108.0409681,48453002209,26.4838561,0.004703637,0.000177604
48453002206,84.91719526,48453002208,4.999653975,0.000821078,0.000164227
48453001846,2.195483472,48453001847,1.180618786,0.000187749,0.000159026
48453001744,2.240012353,48491020411,4.064886555,0.00058307,0.000143441
48453001840,3.505505387,48453001857,2.747583401,0.000378145,0.000137628
48453002409,0.516007403,48453001713,0.996774231,0.000130555,0.000130978
48453001715,2.29878431,48491020405,1.158301999,0.000151132,0.000130477
48453001743,12.83574178,48453001912,5.833042771,0.000734429,0.000125908
48453001835,0.993476945,48453001839,3.166210502,0.000360794,0.000113951
48453001733,8.719715893,48453001769,3.469607991,0.000337387,9.72406E-05
48453001852,2.651635005,48453001851,2.887952157,0.000246627,8.53985E-05
48453001716,8.047442106,48453001761,11.4751867,0.000877355,7.64567E-05
48453001749,1.643413749,48453001915,2.402475975,0.000178307,7.42178E-05
48453001733,8.719715893,48453001770,5.18001271,0.000354216,6.83814E-05
48453001000,0.907246415,48453001100,1.033596117,6.88793E-05,6.66404E-05
48453001834,6.077058491,48453001856,23.81054746,0.00152773,6.41619E-05
48453001768,83.22084592,48453001733,8.717229792,0.000554287,6.35852E-05
48453001813,1.363801093,48453001812,0.896658295,5.1161E-05,5.70574E-05
48453002202,4.958731337,48453002212,11.63302039,0.000634146,5.45125E-05
48453001761,11.48550346,48453001760,13.24401735,0.000624324,4.71401E-05
48453001908,12.44906205,48453001768,83.21637121,0.003695464,4.44079E-05
48491020309,18.66749434,48491020318,2.777000213,9.61471E-05,3.46226E-05
48453002303,6.981109517,48453002310,7.155735031,0.000241575,3.37597E-05
48453002113,0.789555975,48453002201,2.02446281,6.47435E-05,3.19806E-05
48453001733,8.719715893,48453001768,83.21637121,0.002595905,3.11946E-05
48491020407,5.076355497,48453001786,0.85798836,2.58477E-05,3.01259E-05
48453000500,0.444589877,48453000401,0.842673065,2.52215E-05,2.99303E-05
48453001769,3.471176852,48453001733,8.717229792,0.000246136,2.82356E-05
48453002422,1.53537484,48453002421,3.162952721,8.34585E-05,2.63863E-05
48491020308,4.49627437,48491020317,3.914959822,0.000100954,2.57868E-05
48453002417,46.22769819,48453002411,1.528722031,3.33774E-05,2.18335E-05
48453000201,1.154891805,48453000203,0.466916789,9.10694E-06,1.95044E-05
48453001811,0.55374781,48453001834,6.011838104,0.000114761,1.90892E-05
48453001908,12.44906205,48453001769,3.469607991,6.39933E-05,1.8444E-05
48453001769,3.471176852,48453001908,12.49626502,0.000218592,1.74926E-05
48491020402,3.187881813,48491020405,1.158301999,1.86707E-05,1.6119E-05
48453001732,17.06126084,48453002407,5.922786161,7.00127E-05,1.18209E-05
48453000604,0.260490387,48453001605,0.731441441,7.93505E-06,1.08485E-05
48453002313,0.937012199,48453002312,1.69888884,1.81797E-05,1.0701E-05
48453002417,46.22769819,48453002312,1.69888884,1.65231E-05,9.72583E-06
48453002205,19.19672259,48453002209,26.4838561,0.000253084,9.55618E-06
48453002310,7.176718667,48453002111,2.661999873,2.07656E-05,7.80075E-06
48453002307,0.822976527,48453002313,0.939062161,7.2946E-06,7.76797E-06
48453000402,0.596276875,48453000401,0.842673065,5.02908E-06,5.96801E-06
48453002416,68.42659112,48453002319,0.214528222,1.24714E-06,5.81343E-06
48453000601,0.429846589,48453000603,0.305066992,1.19012E-06,3.90117E-06
48453002202,4.958731337,48453001856,23.81054746,7.6001E-05,3.19191E-06
48453002424,1.069236608,48453002423,1.00617873,2.40255E-06,2.38779E-06
48453000500,0.444589877,48453000601,0.429846385,9.87028E-07,2.29623E-06
48453001848,1.299689296,48453001847,1.180618786,2.455E-06,2.07942E-06
48453001714,6.788715226,48453001782,1.338419146,2.5822E-06,1.92929E-06
48453001100,1.043001336,48453000901,0.334779029,6.25313E-07,1.86784E-06
48453002002,0.596389619,48453002005,0.632622663,1.03008E-06,1.62827E-06
48491020402,3.187881813,48491020406,1.073815296,1.74264E-06,1.62285E-06
48453000203,0.466185524,48453000302,0.792353556,1.13624E-06,1.43401E-06
48453002206,84.91719526,48453001856,23.81054746,3.05944E-05,1.28491E-06
48453002206,84.91719526,48453002433,27.88429258,3.43343E-05,1.23131E-06
48453002418,13.08436839,48453002407,5.922786161,7.11912E-06,1.20199E-06
48453002411,1.530465623,48453002313,0.939062161,1.10963E-06,1.18163E-06
48453002419,0.52283994,48453002402,1.381367727,1.31885E-06,9.54739E-07
48453001818,0.991805506,48453001817,0.967798733,9.18012E-07,9.48557E-07
48491020503,5.964957072,48491020409,1.897117264,1.75295E-06,9.24008E-07
48453001852,2.651635005,48491020504,3.585884899,3.24791E-06,9.05748E-07
48453000302,0.79235281,48453000203,0.466916789,3.9046E-07,8.36252E-07
48453002113,0.789555975,48453001811,0.557548341,3.41738E-07,6.1293E-07
48453002303,6.981109517,48453002432,17.16953194,1.01946E-05,5.93761E-07
48453001100,1.043001336,48453001000,0.902406796,5.23881E-07,5.80538E-07
48453000401,0.84264307,48453000500,0.444563924,2.55284E-07,5.74235E-07
48453001848,1.299689296,48453001839,3.166210502,1.81317E-06,5.72661E-07
48491020503,5.964957072,48491020504,3.585884899,1.9389E-06,5.40704E-07
48453001848,1.299689296,48453001850,0.670941114,3.44894E-07,5.14045E-07
48453002422,1.53537484,48453002429,1.023502363,4.92272E-07,4.80968E-07
48453001753,1.013627459,48453001722,1.063627527,4.97702E-07,4.67929E-07
48453000803,0.557540755,48453000402,0.596272116,2.70067E-07,4.52926E-07
48453001768,83.22084592,48453001916,5.237047296,2.29184E-06,4.3762E-07
48453002416,68.42659112,48453002207,26.92523777,1.16998E-05,4.34529E-07
48491020406,1.073814056,48491020405,1.158301999,5.02581E-07,4.33895E-07
48453001606,0.194331309,48453000102,2.176451365,9.03988E-07,4.1535E-07
48453002310,7.176718667,48453002312,1.69888884,6.2537E-07,3.68105E-07
48453001403,0.309106894,48453001402,0.525275674,1.9204E-07,3.65599E-07
48491020309,18.66749434,48491020508,1.92610699,6.73653E-07,3.49748E-07
48453001753,1.013627459,48453001754,1.245832932,4.28039E-07,3.43576E-07
48453002418,13.08436839,48453002434,21.29828237,7.19879E-06,3.37999E-07
48453001308,0.497489539,48453002003,0.768352786,2.48823E-07,3.2384E-07
48453001748,2.067782303,48453001740,1.823623407,5.40014E-07,2.96121E-07
48453001811,0.55374781,48453001812,0.896658295,2.44942E-07,2.73172E-07
48453001760,13.30676435,48453001714,6.798979584,1.85693E-06,2.73118E-07
48453001308,0.497489539,48453002308,1.235715583,3.31399E-07,2.68184E-07
48453001605,0.731433723,48453001603,0.987744488,2.41161E-07,2.44153E-07
48453001845,1.019584108,48453001826,1.242377123,2.48804E-07,2.00264E-07
48491020405,1.15936533,48453001781,0.955612579,1.88385E-07,1.97135E-07
48453001714,6.788715226,48453001755,2.870082921,4.81053E-07,1.67609E-07
48491020503,5.964957072,48491020311,2.823570942,4.72254E-07,1.67254E-07
48491020405,1.15936533,48453001756,0.823371178,1.35678E-07,1.64783E-07
48453001765,31.0596373,48453001714,6.798979584,1.09141E-06,1.60526E-07
48453001705,2.059366365,48453001706,1.028796529,1.60434E-07,1.55943E-07
48453001712,0.885461582,48453001750,2.344276773,3.17204E-07,1.3531E-07
48453001812,0.900974852,48453001811,0.557548341,7.40566E-08,1.32825E-07
48453001910,2.650781138,48453001911,1.292505589,1.68637E-07,1.30473E-07
48491020405,1.15936533,48491020403,0.605695174,7.81374E-08,1.29004E-07
48453001759,0.738200742,48453001754,1.245832932,1.60335E-07,1.28697E-07
48453002303,6.981109517,48453002433,27.88429258,3.42489E-06,1.22825E-07
48453001839,3.187104868,48453001826,1.242377123,1.49211E-07,1.20101E-07
48453002417,46.22769819,48453002435,18.88069963,2.25988E-06,1.19693E-07
48453001760,13.30676435,48453001761,11.4751867,1.34757E-06,1.17433E-07
48453001732,17.06126084,48453001733,8.717229792,1.00038E-06,1.14759E-07
48491020504,3.585880104,48453001864,1.974559503,2.25701E-07,1.14305E-07
48453002108,1.269169185,48453002208,4.999653975,4.93056E-07,9.8618E-08
48453001739,1.808364128,48453001750,2.344276773,2.04028E-07,8.70325E-08
48491020308,4.49627437,48453001765,31.12652599,2.54894E-06,8.18897E-08
48453001750,2.345378253,48453001915,2.402475975,1.89757E-07,7.89838E-08
48453001835,0.993476945,48453001826,1.242377123,9.45481E-08,7.61026E-08
48453001705,2.059366365,48453001716,8.04687172,6.12255E-07,7.60861E-08
48453001842,11.76442424,48453001856,23.81054746,1.49976E-06,6.29871E-08
48453002205,19.19672259,48453002210,31.47459309,1.97702E-06,6.28131E-08
48453001769,3.471176852,48453001768,83.21637121,5.14739E-06,6.18555E-08
48453001737,3.345222781,48453001769,3.469607991,2.00676E-07,5.78382E-08
48453002110,1.367760831,48453002208,4.999653975,2.82307E-07,5.64653E-08
48491020403,0.605118808,48491020408,1.241946708,6.98741E-08,5.62617E-08
48453001913,4.859198679,48453001912,5.833042771,2.92956E-07,5.02235E-08
48453001817,0.967797958,48453001849,2.88396221,1.43684E-07,4.98216E-08
48453002201,2.026971324,48453001834,6.011838104,2.20956E-07,3.67535E-08
48453001603,0.990735784,48453001605,0.731441441,2.40704E-08,3.29082E-08
48453001835,0.993476945,48453001834,6.011838104,1.8307E-07,3.04515E-08
48453002416,68.42659112,48453002434,21.29828237,6.33205E-07,2.97303E-08
48491020504,3.585880104,48491020503,5.947052372,1.65479E-07,2.78254E-08
48453002417,46.22769819,48453002407,5.922786161,1.48737E-07,2.51127E-08
48453002411,1.530465623,48453002431,7.775102964,1.91553E-07,2.46367E-08
48453001826,1.256110657,48453001835,0.997220654,2.3616E-08,2.36818E-08
48453001813,1.363801093,48453001834,6.011838104,1.39914E-07,2.32731E-08
48453001826,1.256110657,48453001839,3.166210502,6.90553E-08,2.18101E-08
48453002407,5.922709202,48453002434,21.29828237,3.72526E-07,1.74909E-08
48453002416,68.42659112,48021950300,135.6466652,1.87719E-06,1.38389E-08
48453001714,6.788715226,48453001765,31.12652599,3.32817E-07,1.06924E-08
48453001732,17.06126084,48209010901,32.53265739,2.88632E-07,8.87208E-09
48491020402,3.187881813,48491020508,1.92610699,1.57958E-08,8.20087E-09
48453001714,6.788715226,48453001716,8.04687172,5.13966E-08,6.38715E-09
48491020309,18.66749434,48491020408,1.241946708,5.60225E-09,4.51086E-09
48021950300,135.6457633,48453002433,27.88429258,5.21156E-08,1.869E-09
